applicant_id,risk_score,decision,rule_hits,reason_codes
SYN-001,75,Approve,,TOKEN_PAYROLL_STABLE|TOKEN_DIRECT_DEPOSIT|TOKEN_RENT_PAYMENT|TOKEN_SAVINGS_TRANSFER
SYN-002,70,Approve,,TOKEN_PAYROLL_STABLE|TOKEN_UTILITIES_RECURRING|TOKEN_RENT_PAYMENT
SYN-003,68,Review,,TOKEN_DIRECT_DEPOSIT|TOKEN_PAYROLL_STABLE
SYN-004,67,Review,,TOKEN_PAYROLL_STABLE|TOKEN_RENT_PAYMENT
SYN-005,71,Approve,,TOKEN_PAYROLL_STABLE|TOKEN_DIRECT_DEPOSIT|TOKEN_UTILITIES_RECURRING
SYN-006,66,Review,,TOKEN_PAYROLL_STABLE|TOKEN_SAVINGS_TRANSFER
SYN-007,67,Review,,TOKEN_DIRECT_DEPOSIT|TOKEN_RENT_PAYMENT|TOKEN_UTILITIES_RECURRING
SYN-008,63,Review,,TOKEN_PAYROLL_STABLE
SYN-009,44,Review,NEGATIVE_CASHFLOW,NEGATIVE_CASHFLOW|TOKEN_SUBSCRIPTION_STACK|TOKEN_UTILITIES_RECURRING
SYN-010,47,Review,NEGATIVE_CASHFLOW,NEGATIVE_CASHFLOW|TOKEN_P2P_HEAVY|TOKEN_PAYROLL_STABLE
SYN-011,32,Decline,NEGATIVE_CASHFLOW|LOW_RECURRING_INCOME,NEGATIVE_CASHFLOW|LOW_RECURRING_INCOME|TOKEN_EMPLOYMENT_GAP|TOKEN_UTILITIES_RECURRING
SYN-012,28,Decline,NSF_PATTERN|NEGATIVE_CASHFLOW,NSF_PATTERN|NEGATIVE_CASHFLOW|TOKEN_CRYPTO_EXCHANGE|TOKEN_DIRECT_DEPOSIT
SYN-013,17,Decline,MERCHANT_RISK|NEGATIVE_CASHFLOW|LOW_RECURRING_INCOME,MERCHANT_RISK|NEGATIVE_CASHFLOW|LOW_RECURRING_INCOME|TOKEN_SUBSCRIPTION_STACK|TOKEN_P2P_HEAVY
SYN-014,47,Review,NEGATIVE_CASHFLOW,NEGATIVE_CASHFLOW|TOKEN_PAYROLL_STABLE|TOKEN_P2P_HEAVY
SYN-015,19,Decline,NSF_PATTERN|NEGATIVE_CASHFLOW|LOW_RECURRING_INCOME|RECENT_OVERDRAFT,NSF_PATTERN|NEGATIVE_CASHFLOW|LOW_RECURRING_INCOME|RECENT_OVERDRAFT|TOKEN_UTILITIES_RECURRING
SYN-016,0,Decline,FP_HIGH|NSF_PATTERN|MERCHANT_RISK|CASH_HEAVY|NEGATIVE_CASHFLOW|LOW_RECURRING_INCOME|VOLATILE_INCOME|RECENT_OVERDRAFT,FP_HIGH|NSF_PATTERN|MERCHANT_RISK|CASH_HEAVY|NEGATIVE_CASHFLOW|LOW_RECURRING_INCOME|VOLATILE_INCOME|RECENT_OVERDRAFT|TOKEN_GAMBLING_LIKE|TOKEN_EMPLOYMENT_GAP
SYN-017,0,Decline,FP_HIGH|NSF_PATTERN|MERCHANT_RISK|CASH_HEAVY|NEGATIVE_CASHFLOW|LOW_RECURRING_INCOME|VOLATILE_INCOME|RECENT_OVERDRAFT,FP_HIGH|NSF_PATTERN|MERCHANT_RISK|CASH_HEAVY|NEGATIVE_CASHFLOW|LOW_RECURRING_INCOME|VOLATILE_INCOME|RECENT_OVERDRAFT|TOKEN_GAMBLING_LIKE|TOKEN_CRYPTO_EXCHANGE|TOKEN_P2P_HEAVY
SYN-018,0,Decline,FP_HIGH|NSF_PATTERN|MERCHANT_RISK|CASH_HEAVY|NEGATIVE_CASHFLOW|LOW_RECURRING_INCOME|VOLATILE_INCOME|RECENT_OVERDRAFT,FP_HIGH|NSF_PATTERN|MERCHANT_RISK|CASH_HEAVY|NEGATIVE_CASHFLOW|LOW_RECURRING_INCOME|VOLATILE_INCOME|RECENT_OVERDRAFT|TOKEN_EMPLOYMENT_GAP|TOKEN_GAMBLING_LIKE
SYN-019,0,Decline,FP_HIGH|NSF_PATTERN|MERCHANT_RISK|NEGATIVE_CASHFLOW|LOW_RECURRING_INCOME|VOLATILE_INCOME|RECENT_OVERDRAFT,FP_HIGH|NSF_PATTERN|MERCHANT_RISK|NEGATIVE_CASHFLOW|LOW_RECURRING_INCOME|VOLATILE_INCOME|RECENT_OVERDRAFT|TOKEN_CRYPTO_EXCHANGE|TOKEN_SUBSCRIPTION_STACK
SYN-020,0,Decline,FP_HIGH|NSF_PATTERN|MERCHANT_RISK|CASH_HEAVY|NEGATIVE_CASHFLOW|LOW_RECURRING_INCOME|VOLATILE_INCOME|RECENT_OVERDRAFT,FP_HIGH|NSF_PATTERN|MERCHANT_RISK|CASH_HEAVY|NEGATIVE_CASHFLOW|LOW_RECURRING_INCOME|VOLATILE_INCOME|RECENT_OVERDRAFT|TOKEN_GAMBLING_LIKE|TOKEN_P2P_HEAVY
SYN-021,59,Review,,TOKEN_PAYROLL_STABLE|TOKEN_SUBSCRIPTION_STACK
SYN-022,44,Review,NEGATIVE_CASHFLOW,NEGATIVE_CASHFLOW|TOKEN_DIRECT_DEPOSIT|TOKEN_P2P_HEAVY
SYN-023,58,Review,,TOKEN_PAYROLL_STABLE|TOKEN_UTILITIES_RECURRING|TOKEN_CRYPTO_EXCHANGE
SYN-024,70,Approve,,TOKEN_PAYROLL_STABLE|TOKEN_RENT_PAYMENT|TOKEN_SAVINGS_TRANSFER
SYN-025,43,Review,NEGATIVE_CASHFLOW,NEGATIVE_CASHFLOW|TOKEN_PAYROLL_STABLE|TOKEN_EMPLOYMENT_GAP
SYN-026,36,Decline,NEGATIVE_CASHFLOW|LOW_RECURRING_INCOME,NEGATIVE_CASHFLOW|LOW_RECURRING_INCOME|TOKEN_P2P_HEAVY|TOKEN_UTILITIES_RECURRING
SYN-027,72,Approve,,TOKEN_DIRECT_DEPOSIT|TOKEN_PAYROLL_STABLE|TOKEN_RENT_PAYMENT
SYN-028,32,Decline,NSF_PATTERN|NEGATIVE_CASHFLOW,NSF_PATTERN|NEGATIVE_CASHFLOW|TOKEN_SUBSCRIPTION_STACK|TOKEN_DIRECT_DEPOSIT
SYN-029,0,Decline,NSF_PATTERN|MERCHANT_RISK|NEGATIVE_CASHFLOW|LOW_RECURRING_INCOME|RECENT_OVERDRAFT,NSF_PATTERN|MERCHANT_RISK|NEGATIVE_CASHFLOW|LOW_RECURRING_INCOME|RECENT_OVERDRAFT|TOKEN_GAMBLING_LIKE|TOKEN_UTILITIES_RECURRING
SYN-030,75,Approve,,TOKEN_PAYROLL_STABLE|TOKEN_DIRECT_DEPOSIT|TOKEN_SAVINGS_TRANSFER|TOKEN_RENT_PAYMENT
