origination_month,loan_count,total_balance_usd,fpd_count,fpd_rate_pct,avg_balance_usd
2023-01,128,1226670.56,7,5.4688,9583.36
2023-02,123,1288615.28,7,5.6911,10476.55
2023-03,124,1194301.52,6,4.8387,9631.46
2023-04,123,1296859.46,6,4.878,10543.57
2023-05,117,1152995.49,10,8.547,9854.66
2023-06,125,1207058.09,8,6.4,9656.46
2023-07,115,1060084.32,9,7.8261,9218.12
2023-08,111,1104136.35,13,11.7117,9947.17
2023-09,138,1413650.87,11,7.971,10243.85
2023-10,122,1217724.04,6,4.918,9981.34
2023-11,123,1262956.2,15,12.1951,10267.94
2023-12,113,1099702.59,11,9.7345,9731.88
2024-01,112,1047471.94,6,5.3571,9352.43
2024-02,116,1126236.8,14,12.069,9708.94
2024-03,110,1005659.95,11,10.0,9142.36
2024-04,110,1125165.49,7,6.3636,10228.78
2024-05,114,1192483.18,7,6.1404,10460.38
2024-06,110,1038410.45,6,5.4545,9440.09
2024-07,120,1161784.16,7,5.8333,9681.53
2024-08,109,1074540.55,12,11.0092,9858.17
2024-09,109,972609.48,7,6.422,8923.02
2024-10,111,1129570.14,7,6.3063,10176.31
2024-11,136,1266284.51,8,5.8824,9310.92
2024-12,118,1247685.27,15,12.7119,10573.6
