applicant_id,avg_monthly_inflow_usd,avg_monthly_outflow_usd,failed_payment_count_90d,nsf_event_count_90d,unique_merchant_count_30d,high_risk_merchant_hits_90d,cash_withdrawal_ratio,income_volatility_index,days_since_last_overdraft,recurring_income_flag,narrative_tokens
SYN-001,6100,4200,0,0,22,0,0.08,0.18,500,1,payroll_stable|direct_deposit|rent_payment|savings_transfer
SYN-002,5400,3900,0,0,19,1,0.15,0.22,400,1,payroll_stable|utilities_recurring|rent_payment
SYN-003,7200,5100,0,1,25,0,0.1,0.3,180,1,direct_deposit|payroll_stable
SYN-004,4800,3600,1,0,16,0,0.2,0.35,300,1,payroll_stable|rent_payment
SYN-005,6500,4700,0,0,28,2,0.11,0.28,600,1,payroll_stable|direct_deposit|utilities_recurring
SYN-006,5900,4400,0,0,21,1,0.14,0.4,250,1,payroll_stable|savings_transfer
SYN-007,8200,6000,0,0,30,0,0.09,0.2,700,1,direct_deposit|rent_payment|utilities_recurring
SYN-008,5100,4000,0,0,17,0,0.18,0.32,320,1,payroll_stable
SYN-009,3800,3600,2,1,14,2,0.28,0.55,120,1,subscription_stack|utilities_recurring
SYN-010,4200,3900,1,1,20,3,0.35,0.48,90,1,p2p_heavy|payroll_stable
SYN-011,3600,3400,2,0,15,3,0.42,0.6,100,0,employment_gap|utilities_recurring
SYN-012,4500,4300,0,2,18,2,0.38,0.5,60,1,crypto_exchange|direct_deposit
SYN-013,3300,3100,1,1,12,4,0.45,0.58,80,0,subscription_stack|p2p_heavy
SYN-014,4000,3850,2,1,16,3,0.33,0.52,55,1,payroll_stable|p2p_heavy
SYN-015,3700,3500,1,2,13,2,0.4,0.62,40,0,utilities_recurring
SYN-016,2900,3300,4,3,11,5,0.55,0.7,20,0,gambling_like|employment_gap
SYN-017,3100,3400,3,2,10,6,0.6,0.68,15,0,gambling_like|crypto_exchange|p2p_heavy
SYN-018,2600,3000,5,2,9,4,0.52,0.72,10,0,employment_gap|gambling_like
SYN-019,3400,3600,3,3,14,5,0.48,0.66,25,0,crypto_exchange|subscription_stack
SYN-020,2800,3200,4,4,8,7,0.58,0.75,5,0,gambling_like|p2p_heavy
SYN-021,5000,4100,0,0,19,1,0.22,0.38,200,1,payroll_stable|subscription_stack
SYN-022,4600,4200,1,0,17,2,0.3,0.44,150,1,direct_deposit|p2p_heavy
SYN-023,5500,4800,0,1,23,1,0.25,0.42,130,1,payroll_stable|utilities_recurring|crypto_exchange
SYN-024,6200,5000,0,0,26,0,0.16,0.29,450,1,payroll_stable|rent_payment|savings_transfer
SYN-025,4100,4000,2,1,15,3,0.36,0.57,70,1,payroll_stable|employment_gap
SYN-026,3900,3700,1,1,14,2,0.41,0.53,85,0,p2p_heavy|utilities_recurring
SYN-027,6700,5200,0,0,27,1,0.13,0.31,350,1,direct_deposit|payroll_stable|rent_payment
SYN-028,4400,4100,1,2,16,2,0.37,0.49,95,1,subscription_stack|direct_deposit
SYN-029,3000,2900,2,2,11,4,0.46,0.64,30,0,gambling_like|utilities_recurring
SYN-030,5800,4300,0,0,24,0,0.17,0.27,500,1,payroll_stable|direct_deposit|savings_transfer|rent_payment
